﻿<?xml version="1.0" encoding="utf-8"?><Search><pages Count="38"><page Index="1"><![CDATA[]]></page><page Index="2"><![CDATA[]]></page><page Index="3"><![CDATA[]]></page><page Index="4"><![CDATA[]]></page><page Index="5"><![CDATA[]]></page><page Index="6"><![CDATA[]]></page><page Index="7"><![CDATA[]]></page><page Index="8"><![CDATA[]]></page><page Index="9"><![CDATA[]]></page><page Index="10"><![CDATA[]]></page><page Index="11"><![CDATA[]]></page><page Index="12"><![CDATA[]]></page><page Index="13"><![CDATA[]]></page><page Index="14"><![CDATA[]]></page><page Index="15"><![CDATA[]]></page><page Index="16"><![CDATA[]]></page><page Index="17"><![CDATA[]]></page><page Index="18"><![CDATA[]]></page><page Index="19"><![CDATA[]]></page><page Index="20"><![CDATA[]]></page><page Index="21"><![CDATA[]]></page><page Index="22"><![CDATA[]]></page><page Index="23"><![CDATA[]]></page><page Index="24"><![CDATA[]]></page><page Index="25"><![CDATA[]]></page><page Index="26"><![CDATA[]]></page><page Index="27"><![CDATA[]]></page><page Index="28"><![CDATA[]]></page><page Index="29"><![CDATA[]]></page><page Index="30"><![CDATA[]]></page><page Index="31"><![CDATA[]]></page><page Index="32"><![CDATA[]]></page><page Index="33"><![CDATA[]]></page><page Index="34"><![CDATA[]]></page><page Index="35"><![CDATA[]]></page><page Index="36"><![CDATA[]]></page><page Index="37"><![CDATA[]]></page><page Index="38"><![CDATA[]]></page></pages></Search>